decade_cohort_label,n,mean,median,std,q25,q75
1960s,140,7.05,5.0,5.6407114710185775,4.0,9.0
1970s,234,5.1581196581196584,5.0,2.4574923300275184,3.0,7.0
1980s,146,3.835616438356164,4.0,1.3545702831030393,3.0,5.0
1990s,248,4.286290322580645,4.0,1.8138841352915145,3.0,5.0
2000s,416,4.3173076923076925,4.0,1.6805875224932387,3.0,5.0
2010s,175,3.7142857142857144,3.0,1.1439854856865153,3.0,4.0
