decade_cohort_label,n,mean,median,std,q25,q75
1960s,140,2.1627585391296114,1.2131862534422106,2.5824108579454723,0.5857289527720739,2.416153319644079
1970s,234,3.006411484860154,1.894136436230892,3.2312410054745277,1.0716404289299564,3.792265571526352
1980s,146,3.730667234719604,2.769336071184121,3.089521737457608,1.7272416153319643,4.637120693588866
1990s,248,3.1533008537720226,2.6128222678530686,1.843281133591543,1.9081108829568791,3.6309605293178193
2000s,416,2.567628139303956,2.4401779603011637,0.9350052490451047,1.969199178644764,3.0388432580424367
2010s,175,1.7628317199569765,1.6865160848733745,0.7611244021464219,1.2265571526351813,2.31895961670089
