decade_cohort_label,n,mean,median,std,q25,q75
1960s,95,7.705263157894737,6.0,5.690368279243046,3.0,10.0
1970s,169,6.0,5.0,2.954012605963366,3.0,8.0
1980s,124,3.9596774193548385,4.0,1.2840433695052988,3.0,5.0
1990s,213,4.126760563380282,4.0,1.6448568567483712,3.0,5.0
2000s,176,4.431818181818182,4.0,1.9230657342331845,3.0,5.0
2010s,104,3.9038461538461537,4.0,1.194804535902919,3.0,4.0
